{
  "config": {
    "n_iter": 20000,
    "n_burn": 10000,
    "k_trunc": 8
  },
  "psi": {
    "mean": 0.4884768706908677,
    "sd": 1.4517908467114342,
    "hpd_low": -2.0586402063973477,
    "hpd_high": 4.420405282422474,
    "prob_neg": 0.3656
  },
  "rho2": {
    "mean": 0.5085465713106138,
    "hpd_low": 0.055293357600303336,
    "hpd_high": 0.7631942700254465
  },
  "rho3": {
    "mean": 0.6152512782357519,
    "hpd_low": 0.11354605734882978,
    "hpd_high": 0.819987387142559
  },
  "prob_rho2_lt_rho3": 0.6276,
  "mu_gamma": [
    0.5426365976307741,
    1.098730441969528,
    1.4459071022575793
  ],
  "occupied": [
    1.6431,
    1.9546,
    2.1702
  ]
}